{
    "ports": {
        "I": 7,
        "Q": 8
    },
    "offsets": {
        "I": -0.026796351497371727,
        "Q": -0.01789601799307539
    },
    "correction_vars": {
        "theta": 0.04534679212068257,
        "k": 1.0119233141447368
    },
    "lo_frequency": 6800000000.0,
    "im_frequency": 34e6,
    "wf_samples": {
        "wf1": 0.01,
        "wf2": 0.01
    },
    "pulse_time": 500
}